,N,均值,标准差,最小值,P25,中位数,P75,最大值,偏度
DigTrans,1620.0,2.9178,0.2645,2.2376,2.7348,2.929,3.1493,3.278,-0.4306
DigTrans_raw,1620.0,81.2358,22.1369,26.0,64.2,79.6,98.0,138.0,0.1835
DigUnion,1620.0,0.4889,0.5,0.0,0.0,0.0,1.0,1.0,0.0445
ROA,1620.0,6.8977,3.3408,-0.7652,4.6082,6.9219,9.124,14.816,0.0215
TobinQ,1620.0,3.1713,1.1264,0.6205,2.3822,3.1842,3.9735,5.7407,0.0237
TFP_LP,1620.0,6.6542,0.1599,5.9035,6.5481,6.6532,6.7612,7.1776,0.0095
Size,1620.0,22.3576,1.0802,18.2184,21.6073,22.329,23.0425,26.4194,0.0836
Lev,1620.0,0.4133,0.1567,0.0521,0.3049,0.4155,0.5249,0.7711,-0.0615
Growth,1620.0,0.0858,0.2196,-0.4487,-0.0653,0.0884,0.2369,0.5996,-0.0498
Age,1620.0,2.5499,0.5824,0.0,2.1972,2.6391,2.9957,3.3673,-1.2347
First,1620.0,0.3256,0.1258,0.05,0.2308,0.3289,0.4125,0.6158,-0.004
Indep,1620.0,0.3752,0.0489,0.25,0.3425,0.3748,0.4089,0.5586,0.0765
Capital,1620.0,1.893,0.6688,0.5,1.4075,1.875,2.3508,3.5239,0.0972
