变量符号,变量名称,度量方式,数据来源
DigTrans,企业数字化转型程度,ln(1+五维数字化关键词加权词频/正文词数×1000)，年报文本挖掘,年报MD&A
DigTrans_raw,数字化转型关键词词频（原值）,五维关键词加权计数（个）,年报MD&A
DigUnion,数字化转型倾向（分类变量）,DigTrans>当年行业中位数取1，否则0,作者计算
ROA,总资产收益率,净利润/总资产×100（%）,CSMAR
TobinQ,企业价值,市值/总资产,CSMAR
TFP_LP,全要素生产率,LP 法估计（稳健性检验替代因变量）,作者计算
Size,企业规模,ln(总资产+1),CSMAR
Lev,资产负债率,总负债/总资产,CSMAR
Growth,成长性,(本期营业收入-上期营业收入)/上期营业收入,CSMAR
Age,上市年限,ln(当年年份-上市年份+1),CSMAR
First,股权集中度,第一大股东持股比例,CSMAR
Indep,独立董事比例,独立董事人数/董事会人数,CSMAR
SOE,产权性质,国有控股取1，否则0,CSMAR
Capital,资本密集度,总资产/营业收入,CSMAR
