,DigTrans,ROA,TobinQ,Size,Lev,Growth,Age,First,Indep,Capital
DigTrans,1.0,0.166,0.248,0.046,-0.02,-0.028,0.095,-0.054,0.013,0.014
ROA,0.166,1.0,0.192,-0.209,-0.368,0.167,-0.055,0.001,0.042,-0.042
TobinQ,0.248,0.192,1.0,-0.313,-0.06,0.159,0.011,0.024,0.004,-0.039
Size,0.046,-0.209,-0.313,1.0,-0.042,0.016,-0.014,-0.02,0.012,0.012
Lev,-0.02,-0.368,-0.06,-0.042,1.0,-0.001,-0.02,0.018,0.011,-0.027
Growth,-0.028,0.167,0.159,0.016,-0.001,1.0,-0.033,0.011,-0.039,0.016
Age,0.095,-0.055,0.011,-0.014,-0.02,-0.033,1.0,0.009,-0.025,-0.05
First,-0.054,0.001,0.024,-0.02,0.018,0.011,0.009,1.0,0.022,-0.018
Indep,0.013,0.042,0.004,0.012,0.011,-0.039,-0.025,0.022,1.0,0.001
Capital,0.014,-0.042,-0.039,0.012,-0.027,0.016,-0.05,-0.018,0.001,1.0
