stock_code,year,raw_len,cn_char,dropped
000148,2015,4451,4123,0
000148,2016,4694,4392,0
000148,2017,5738,5376,0
000148,2018,5473,5062,0
000148,2019,4426,4083,0
000148,2020,5489,5006,0
000148,2021,5228,4903,0
000148,2022,5507,5048,0
000148,2023,4909,4555,0
000195,2015,4146,3829,0
000195,2016,5475,4983,0
000195,2017,5391,4920,0
000195,2018,4969,4596,0
000195,2019,4256,3894,0
000195,2020,4868,4537,0
000195,2021,4691,4377,0
000195,2022,4631,4311,0
000195,2023,5500,5137,0
000200,2015,4780,4414,0
000200,2016,5305,4793,0
000200,2017,4832,4403,0
000200,2018,5237,4818,0
000200,2019,4590,4183,0
000200,2020,5175,4752,0
000200,2021,3980,3647,0
000200,2022,5533,5153,0
000200,2023,3983,3653,0
000245,2015,5493,5058,0
000245,2016,5241,4848,0
000245,2017,4622,4265,0
000245,2018,5090,4764,0
000245,2019,5609,5149,0
000245,2020,5442,5069,0
000245,2021,5004,4588,0
000245,2022,4873,4508,0
000245,2023,5470,5055,0
000262,2015,4389,4069,0
000262,2016,5016,4597,0
000262,2017,5241,4804,0
000262,2018,5473,4908,0
000262,2019,5571,5031,0
000262,2020,4096,3818,0
000262,2021,5316,4929,0
000262,2022,5298,4938,0
000262,2023,5430,5056,0
000266,2015,4273,3990,0
000266,2016,5435,4989,0
000266,2017,5166,4763,0
000266,2018,5489,5101,0
000266,2019,4102,3840,0
000266,2020,4589,4217,0
000266,2021,5433,5006,0
000266,2022,4376,4029,0
000266,2023,4899,4575,0
000268,2015,4793,4399,0
000268,2016,5216,4788,0
000268,2017,4072,3772,0
000268,2018,5393,4974,0
000268,2019,5372,5036,0
000268,2020,5727,5252,0
000268,2021,5021,4700,0
000268,2022,5499,5076,0
000268,2023,5418,5010,0
000291,2015,4195,3897,0
000291,2016,5185,4729,0
000291,2017,4926,4446,0
000291,2018,3957,3666,0
000291,2019,4681,4258,0
000291,2020,4771,4447,0
000291,2021,5286,4937,0
000291,2022,5330,4951,0
000291,2023,4766,4410,0
000338,2015,4978,4605,0
000338,2016,5358,4852,0
000338,2017,4817,4466,0
000338,2018,4573,4282,0
000338,2019,5114,4722,0
000338,2020,4377,4082,0
000338,2021,5527,5154,0
000338,2022,4153,3826,0
000338,2023,5328,4966,0
000380,2015,4470,4119,0
000380,2016,5246,4864,0
000380,2017,4045,3723,0
000380,2018,4286,3942,0
000380,2019,4704,4409,0
000380,2020,4208,3941,0
000380,2021,4616,4293,0
000380,2022,4475,4112,0
000380,2023,5472,5014,0
000405,2015,3995,3727,0
000405,2016,4532,4216,0
000405,2017,5485,4938,0
000405,2018,4850,4508,0
000405,2019,3997,3746,0
000405,2020,4965,4569,0
000405,2021,5337,4816,0
000405,2022,4795,4366,0
000405,2023,5029,4657,0
000406,2015,4718,4411,0
000406,2016,5318,4968,0
000406,2017,4553,4244,0
000406,2018,4377,4076,0
000406,2019,4965,4591,0
000406,2020,5246,4905,0
000406,2021,4614,4298,0
000406,2022,5198,4853,0
000406,2023,4151,3861,0
000479,2015,4284,3988,0
000479,2016,5088,4703,0
000479,2017,5387,4868,0
000479,2018,4693,4302,0
000479,2019,5068,4671,0
000479,2020,5659,5262,0
000479,2021,4371,4030,0
000479,2022,5375,4978,0
000479,2023,4023,3705,0
000482,2015,4770,4368,0
000482,2016,4704,4385,0
000482,2017,4193,3923,0
000482,2018,5033,4663,0
000482,2019,5699,5272,0
000482,2020,5099,4688,0
000482,2021,4537,4199,0
000482,2022,5375,4950,0
000482,2023,5389,5017,0
000510,2015,5478,5061,0
000510,2016,4853,4400,0
000510,2017,5653,5233,0
000510,2018,3943,3662,0
000510,2019,4951,4477,0
000510,2020,5329,4903,0
000510,2021,4926,4613,0
000510,2022,5222,4865,0
000510,2023,5374,4949,0
000548,2015,5194,4829,0
000548,2016,4540,4199,0
000548,2017,5446,5009,0
000548,2018,4051,3722,0
000548,2019,5188,4783,0
000548,2020,5385,4887,0
000548,2021,4340,4011,0
000548,2022,4912,4470,0
000548,2023,4303,3986,0
000553,2015,5096,4729,0
000553,2016,4868,4465,0
000553,2017,5400,4824,0
000553,2018,4506,4199,0
000553,2019,4191,3877,0
000553,2020,5682,5254,0
000553,2021,4609,4301,0
000553,2022,4421,4100,0
000553,2023,4945,4550,0
000573,2015,5097,4762,0
000573,2016,5600,5185,0
000573,2017,5774,5379,0
000573,2018,3979,3687,0
000573,2019,4741,4400,0
000573,2020,4175,3847,0
000573,2021,4083,3760,0
000573,2022,4552,4264,0
000573,2023,4619,4318,0
000594,2015,4535,4161,0
000594,2016,4071,3759,0
000594,2017,4743,4339,0
000594,2018,5652,5140,0
000594,2019,4127,3812,0
000594,2020,4643,4240,0
000594,2021,5278,4790,0
000594,2022,5566,5085,0
000594,2023,4510,4154,0
000660,2015,5751,5319,0
000660,2016,4734,4403,0
000660,2017,5828,5405,0
000660,2018,5810,5417,0
000660,2019,4103,3819,0
000660,2020,4814,4473,0
000660,2021,4645,4329,0
000660,2022,4878,4545,0
000660,2023,4978,4642,0
000678,2015,5079,4700,0
000678,2016,4141,3862,0
000678,2017,5032,4680,0
000678,2018,4575,4197,0
000678,2019,4726,4342,0
000678,2020,5115,4662,0
000678,2021,4275,3900,0
000678,2022,5120,4753,0
000678,2023,5499,5056,0
000693,2015,4001,3645,0
000693,2016,5615,5209,0
000693,2017,4400,4096,0
000693,2018,5454,5075,0
000693,2019,4728,4393,0
000693,2020,5279,4853,0
000693,2021,5446,4975,0
000693,2022,5549,5114,0
000693,2023,5306,4871,0
000791,2015,5500,5056,0
000791,2016,4196,3855,0
000791,2017,4110,3772,0
000791,2018,5142,4709,0
000791,2019,5595,5153,0
000791,2020,4152,3788,0
000791,2021,4225,3938,0
000791,2022,4922,4547,0
000791,2023,5437,5032,0
000795,2015,4251,3891,0
000795,2016,4144,3814,0
000795,2017,5486,4994,0
000795,2018,3950,3670,0
000795,2019,4440,4140,0
000795,2020,5345,4928,0
000795,2021,5072,4653,0
000795,2022,4537,4206,0
000795,2023,5349,4956,0
000797,2015,5532,5137,0
000797,2016,4390,4073,0
000797,2017,4769,4454,0
000797,2018,4031,3744,0
000797,2019,5498,5039,0
000797,2020,4594,4275,0
000797,2021,4136,3847,0
000797,2022,4071,3732,0
000797,2023,5290,4871,0
000931,2015,4102,3830,0
000931,2016,5787,5351,0
000931,2017,4028,3742,0
000931,2018,4225,3939,0
000931,2019,4547,4207,0
000931,2020,4234,3947,0
000931,2021,4436,4131,0
000931,2022,5381,5012,0
000931,2023,5299,4902,0
000975,2015,5755,5295,0
000975,2016,5022,4676,0
000975,2017,4860,4487,0
000975,2018,4906,4529,0
000975,2019,5369,4920,0
000975,2020,4357,4073,0
000975,2021,4290,3971,0
000975,2022,5650,5272,0
000975,2023,4039,3743,0
002118,2015,5783,5297,0
002118,2016,5321,4867,0
002118,2017,5674,5252,0
002118,2018,4787,4490,0
002118,2019,4462,4101,0
002118,2020,4496,4213,0
002118,2021,5048,4691,0
002118,2022,4390,4108,0
002118,2023,4468,4188,0
002152,2015,5151,4773,0
002152,2016,5158,4762,0
002152,2017,4574,4278,0
002152,2018,5084,4746,0
002152,2019,5487,5038,0
002152,2020,4166,3862,0
002152,2021,5581,5120,0
002152,2022,5125,4711,0
002152,2023,4739,4349,0
002170,2015,4096,3797,0
002170,2016,5524,5090,0
002170,2017,4733,4375,0
002170,2018,5540,5070,0
002170,2019,4285,3959,0
002170,2020,4755,4417,0
002170,2021,4620,4278,0
002170,2022,5102,4727,0
002170,2023,5543,5102,0
002189,2015,5324,4956,0
002189,2016,4585,4272,0
002189,2017,4204,3893,0
002189,2018,5210,4840,0
002189,2019,4250,3944,0
002189,2020,4255,3936,0
002189,2021,5774,5344,0
002189,2022,4409,4111,0
002189,2023,4449,4164,0
002209,2015,5413,5035,0
002209,2016,4488,4179,0
002209,2017,5165,4770,0
002209,2018,5508,5121,0
002209,2019,5418,4997,0
002209,2020,4579,4239,0
002209,2021,5200,4801,0
002209,2022,5515,5094,0
002209,2023,5244,4824,0
002222,2015,4790,4406,0
002222,2016,5234,4761,0
002222,2017,4780,4399,0
002222,2018,4858,4513,0
002222,2019,4114,3765,0
002222,2020,4869,4513,0
002222,2021,4559,4252,0
002222,2022,5350,4929,0
002222,2023,4972,4630,0
002284,2015,3933,3652,0
002284,2016,5358,4912,0
002284,2017,4148,3816,0
002284,2018,5505,4968,0
002284,2019,4194,3903,0
002284,2020,4733,4426,0
002284,2021,4675,4330,0
002284,2022,4669,4368,0
002284,2023,5704,5310,0
002285,2015,5466,4923,0
002285,2016,5592,5198,0
002285,2017,4152,3826,0
002285,2018,4453,4053,0
002285,2019,4396,4037,0
002285,2020,3980,3715,0
002285,2021,4209,3879,0
002285,2022,5116,4760,0
002285,2023,5500,5088,0
002299,2015,5646,5224,0
002299,2016,4654,4286,0
002299,2017,5259,4843,0
002299,2018,5292,4907,0
002299,2019,4389,4057,0
002299,2020,4000,3710,0
002299,2021,4496,4184,0
002299,2022,5276,4824,0
002299,2023,4429,4075,0
002302,2015,4042,3747,0
002302,2016,4812,4433,0
002302,2017,5416,4999,0
002302,2018,4280,3992,0
002302,2019,5444,5022,0
002302,2020,4068,3741,0
002302,2021,5466,5035,0
002302,2022,5124,4758,0
002302,2023,4402,4084,0
002306,2015,4512,4176,0
002306,2016,4711,4407,0
002306,2017,5187,4832,0
002306,2018,4529,4190,0
002306,2019,5022,4638,0
002306,2020,4858,4458,0
002306,2021,4350,4017,0
002306,2022,5001,4639,0
002306,2023,4912,4599,0
002384,2015,5263,4801,0
002384,2016,5572,5068,0
002384,2017,5198,4804,0
002384,2018,4491,4116,0
002384,2019,5549,5083,0
002384,2020,5498,5013,0
002384,2021,5683,5205,0
002384,2022,4277,3880,0
002384,2023,5444,5077,0
002450,2015,4039,3752,0
002450,2016,4744,4430,0
002450,2017,4958,4629,0
002450,2018,4670,4383,0
002450,2019,4173,3913,0
002450,2020,5113,4768,0
002450,2021,5234,4852,0
002450,2022,4029,3753,0
002450,2023,4913,4575,0
002451,2015,4011,3625,0
002451,2016,5083,4679,0
002451,2017,5007,4632,0
002451,2018,4639,4266,0
002451,2019,5137,4752,0
002451,2020,5207,4825,0
002451,2021,5450,4970,0
002451,2022,4102,3767,0
002451,2023,5208,4833,0
002495,2015,4282,3978,0
002495,2016,5222,4766,0
002495,2017,5303,4878,0
002495,2018,4584,4202,0
002495,2019,5402,5064,0
002495,2020,4124,3847,0
002495,2021,5077,4735,0
002495,2022,4496,4214,0
002495,2023,5320,4948,0
002517,2015,3948,3623,0
002517,2016,3961,3632,0
002517,2017,5088,4635,0
002517,2018,4264,3922,0
002517,2019,5582,5111,0
002517,2020,4071,3737,0
002517,2021,5436,5012,0
002517,2022,4733,4400,0
002517,2023,4960,4581,0
002560,2015,5096,4732,0
002560,2016,4824,4458,0
002560,2017,5535,5106,0
002560,2018,4748,4340,0
002560,2019,4494,4180,0
002560,2020,5155,4778,0
002560,2021,4470,4020,0
002560,2022,4840,4509,0
002560,2023,4102,3734,0
002573,2015,4886,4511,0
002573,2016,4262,3952,0
002573,2017,4123,3830,0
002573,2018,5392,5040,0
002573,2019,5419,4976,0
002573,2020,5375,4939,0
002573,2021,4100,3840,0
002573,2022,5545,5184,0
002573,2023,4448,4163,0
002597,2015,5089,4691,0
002597,2016,4770,4416,0
002597,2017,4137,3868,0
002597,2018,5657,5182,0
002597,2019,4526,4170,0
002597,2020,5468,5103,0
002597,2021,4440,4137,0
002597,2022,4670,4371,0
002597,2023,3984,3721,0
002616,2015,5014,4593,0
002616,2016,5461,5070,0
002616,2017,4540,4241,0
002616,2018,4817,4475,0
002616,2019,4388,4090,0
002616,2020,5256,4866,0
002616,2021,4328,4000,0
002616,2022,4158,3837,0
002616,2023,5228,4791,0
002630,2015,4784,4408,0
002630,2016,4566,4200,0
002630,2017,4360,4038,0
002630,2018,5329,4861,0
002630,2019,4508,4219,0
002630,2020,4611,4247,0
002630,2021,5074,4716,0
002630,2022,4932,4535,0
002630,2023,5407,5016,0
002649,2015,4652,4281,0
002649,2016,5238,4767,0
002649,2017,5102,4740,0
002649,2018,4504,4207,0
002649,2019,4112,3761,0
002649,2020,5166,4782,0
002649,2021,4389,4038,0
002649,2022,5107,4732,0
002649,2023,4115,3809,0
002650,2015,4561,4202,0
002650,2016,4335,4013,0
002650,2017,4049,3779,0
002650,2018,5401,5033,0
002650,2019,4383,4072,0
002650,2020,5447,4996,0
002650,2021,5704,5252,0
002650,2022,4473,4137,0
002650,2023,5145,4825,0
002691,2015,4627,4208,0
002691,2016,4022,3744,0
002691,2017,4811,4453,0
002691,2018,4187,3909,0
002691,2019,4204,3931,0
002691,2020,5717,5334,0
002691,2021,5363,5006,0
002691,2022,5039,4682,0
002691,2023,5252,4855,0
002693,2015,4060,3754,0
002693,2016,4236,3968,0
002693,2017,4615,4274,0
002693,2018,4172,3900,0
002693,2019,4718,4389,0
002693,2020,4199,3898,0
002693,2021,5120,4788,0
002693,2022,4626,4301,0
002693,2023,4493,4187,0
002699,2015,4502,4161,0
002699,2016,4826,4442,0
002699,2017,5450,5027,0
002699,2018,4172,3821,0
002699,2019,5534,5125,0
002699,2020,5633,5150,0
002699,2021,5090,4656,0
002699,2022,4833,4449,0
002699,2023,4729,4341,0
002709,2015,3978,3656,0
002709,2016,4554,4234,0
002709,2017,4798,4450,0
002709,2018,4160,3888,0
002709,2019,5311,4914,0
002709,2020,5180,4807,0
002709,2021,5755,5319,0
002709,2022,4570,4283,0
002709,2023,4402,4095,0
002765,2015,4295,4001,0
002765,2016,4578,4187,0
002765,2017,4929,4590,0
002765,2018,4023,3752,0
002765,2019,4028,3773,0
002765,2020,5608,5129,0
002765,2021,4587,4271,0
002765,2022,5681,5174,0
002765,2023,4001,3683,0
002770,2015,4664,4314,0
002770,2016,5217,4771,0
002770,2017,5451,4961,0
002770,2018,4407,4017,0
002770,2019,4462,4127,0
002770,2020,5148,4634,0
002770,2021,5063,4697,0
002770,2022,5004,4613,0
002770,2023,4154,3825,0
002776,2015,5437,5022,0
002776,2016,4190,3891,0
002776,2017,5641,5239,0
002776,2018,4714,4359,0
002776,2019,4423,4093,0
002776,2020,3999,3718,0
002776,2021,4323,3949,0
002776,2022,4090,3830,0
002776,2023,4280,4002,0
002801,2015,4752,4336,0
002801,2016,4242,3937,0
002801,2017,5113,4701,0
002801,2018,4403,4114,0
002801,2019,5649,5165,0
002801,2020,5391,5017,0
002801,2021,5641,5260,0
002801,2022,5084,4741,0
002801,2023,5514,5119,0
002840,2015,5551,5026,0
002840,2016,5500,5086,0
002840,2017,5466,5067,0
002840,2018,5554,5074,0
002840,2019,5214,4765,0
002840,2020,4925,4541,0
002840,2021,5270,4863,0
002840,2022,4693,4393,0
002840,2023,5441,5038,0
002871,2015,5486,5019,0
002871,2016,4498,4133,0
002871,2017,5631,5185,0
002871,2018,4503,4155,0
002871,2019,5461,5023,0
002871,2020,4193,3803,0
002871,2021,3995,3714,0
002871,2022,4161,3848,0
002871,2023,4492,4156,0
002901,2015,4564,4260,0
002901,2016,4482,4092,0
002901,2017,5538,5065,0
002901,2018,5338,4926,0
002901,2019,4824,4439,0
002901,2020,4589,4264,0
002901,2021,5161,4734,0
002901,2022,4615,4300,0
002901,2023,5453,4995,0
002970,2015,4820,4429,0
002970,2016,4102,3790,0
002970,2017,5021,4576,0
002970,2018,5414,5006,0
002970,2019,4995,4613,0
002970,2020,5704,5259,0
002970,2021,4657,4363,0
002970,2022,4837,4504,0
002970,2023,4427,4093,0
002980,2015,4285,3957,0
002980,2016,5230,4782,0
002980,2017,5354,4896,0
002980,2018,5360,4829,0
002980,2019,4371,4012,0
002980,2020,4171,3829,0
002980,2021,4413,4058,0
002980,2022,5557,5032,0
002980,2023,4290,3933,0
300117,2015,5153,4760,0
300117,2016,4426,4039,0
300117,2017,3973,3679,0
300117,2018,4326,4046,0
300117,2019,5448,5054,0
300117,2020,4221,3958,0
300117,2021,4247,3967,0
300117,2022,4557,4218,0
300117,2023,4999,4651,0
300208,2015,5725,5281,0
300208,2016,4555,4244,0
300208,2017,4334,4011,0
300208,2018,4618,4176,0
300208,2019,5474,5073,0
300208,2020,4948,4574,0
300208,2021,3939,3653,0
300208,2022,4697,4348,0
300208,2023,5254,4874,0
300217,2015,5148,4761,0
300217,2016,4852,4419,0
300217,2017,4201,3912,0
300217,2018,5672,5178,0
300217,2019,5506,5050,0
300217,2020,4488,4131,0
300217,2021,4749,4354,0
300217,2022,5714,5302,0
300217,2023,3961,3706,0
300222,2015,5395,4929,0
300222,2016,5048,4654,0
300222,2017,5346,4867,0
300222,2018,4371,3982,0
300222,2019,4737,4361,0
300222,2020,4407,4070,0
300222,2021,4263,3940,0
300222,2022,4336,3993,0
300222,2023,4693,4358,0
300249,2015,5008,4670,0
300249,2016,4447,4171,0
300249,2017,5172,4797,0
300249,2018,5030,4716,0
300249,2019,3992,3740,0
300249,2020,4538,4184,0
300249,2021,4520,4206,0
300249,2022,4304,4028,0
300249,2023,4483,4198,0
300262,2015,5234,4866,0
300262,2016,5418,5008,0
300262,2017,5296,4918,0
300262,2018,5694,5350,0
300262,2019,4341,4068,0
300262,2020,5431,5072,0
300262,2021,4209,3951,0
300262,2022,4568,4234,0
300262,2023,4772,4425,0
300264,2015,4890,4452,0
300264,2016,4069,3762,0
300264,2017,4093,3807,0
300264,2018,5352,4916,0
300264,2019,4474,4119,0
300264,2020,5061,4657,0
300264,2021,4597,4243,0
300264,2022,4403,4109,0
300264,2023,4387,4077,0
300272,2015,4578,4244,0
300272,2016,3998,3724,0
300272,2017,5627,5125,0
300272,2018,4610,4296,0
300272,2019,5604,5204,0
300272,2020,5278,4904,0
300272,2021,4755,4438,0
300272,2022,5413,5011,0
300272,2023,5405,4965,0
300277,2015,4113,3819,0
300277,2016,5023,4686,0
300277,2017,3971,3655,0
300277,2018,4292,3950,0
300277,2019,5372,4968,0
300277,2020,5022,4674,0
300277,2021,4156,3876,0
300277,2022,4787,4378,0
300277,2023,4434,4127,0
300288,2015,4926,4563,0
300288,2016,5429,5098,0
300288,2017,5320,4884,0
300288,2018,5005,4641,0
300288,2019,4561,4278,0
300288,2020,5622,5270,0
300288,2021,5361,5031,0
300288,2022,5655,5250,0
300288,2023,5468,5074,0
300344,2015,5425,4908,0
300344,2016,4089,3782,0
300344,2017,4369,4074,0
300344,2018,3944,3650,0
300344,2019,4345,4005,0
300344,2020,5658,5207,0
300344,2021,4750,4325,0
300344,2022,4283,3982,0
300344,2023,5245,4789,0
300504,2015,4730,4424,0
300504,2016,4025,3757,0
300504,2017,4583,4240,0
300504,2018,5135,4778,0
300504,2019,4483,4116,0
300504,2020,4595,4200,0
300504,2021,4233,3939,0
300504,2022,5601,5135,0
300504,2023,5717,5202,0
300531,2015,3995,3732,0
300531,2016,5070,4630,0
300531,2017,5112,4669,0
300531,2018,4477,4155,0
300531,2019,4375,4068,0
300531,2020,4471,4150,0
300531,2021,4688,4371,0
300531,2022,5528,5069,0
300531,2023,4676,4281,0
300654,2015,4989,4654,0
300654,2016,4944,4587,0
300654,2017,5334,4955,0
300654,2018,4388,4053,0
300654,2019,3917,3657,0
300654,2020,3900,3630,0
300654,2021,4045,3770,0
300654,2022,4802,4341,0
300654,2023,4780,4425,0
300750,2015,5301,4875,0
300750,2016,4109,3804,0
300750,2017,4425,4062,0
300750,2018,4275,3957,0
300750,2019,4391,4046,0
300750,2020,5784,5349,0
300750,2021,5071,4712,0
300750,2022,4276,3951,0
300750,2023,4782,4474,0
300773,2015,5527,5161,0
300773,2016,4642,4352,0
300773,2017,5608,5215,0
300773,2018,4691,4374,0
300773,2019,4546,4204,0
300773,2020,5415,5053,0
300773,2021,4738,4429,0
300773,2022,4372,4065,0
300773,2023,4257,3955,0
300824,2015,5235,4827,0
300824,2016,4859,4448,0
300824,2017,5636,5248,0
300824,2018,4421,4104,0
300824,2019,5523,5107,0
300824,2020,4310,4012,0
300824,2021,4150,3768,0
300824,2022,4934,4551,0
300824,2023,5112,4726,0
300830,2015,3944,3616,0
300830,2016,5559,5086,0
300830,2017,4670,4319,0
300830,2018,4347,4021,0
300830,2019,4824,4486,0
300830,2020,5585,5104,0
300830,2021,4212,3851,0
300830,2022,5718,5301,0
300830,2023,4426,4068,0
300850,2015,4789,4408,0
300850,2016,4206,3914,0
300850,2017,4643,4332,0
300850,2018,4899,4587,0
300850,2019,4528,4243,0
300850,2020,5498,5149,0
300850,2021,5352,5007,0
300850,2022,4655,4345,0
300850,2023,5491,5108,0
300883,2015,5295,4889,0
300883,2016,4483,4177,0
300883,2017,4260,3973,0
300883,2018,5655,5251,0
300883,2019,5361,4982,0
300883,2020,5302,4918,0
300883,2021,4661,4365,0
300883,2022,5090,4773,0
300883,2023,5148,4821,0
300896,2015,5085,4638,0
300896,2016,4592,4235,0
300896,2017,5191,4799,0
300896,2018,5208,4847,0
300896,2019,4925,4549,0
300896,2020,4185,3880,0
300896,2021,5426,5042,0
300896,2022,4035,3782,0
300896,2023,3981,3714,0
300924,2015,4835,4498,0
300924,2016,4381,4105,0
300924,2017,5406,5018,0
300924,2018,5753,5370,0
300924,2019,5212,4816,0
300924,2020,4510,4165,0
300924,2021,4441,4106,0
300924,2022,3973,3722,0
300924,2023,5193,4830,0
300931,2015,5545,5097,0
300931,2016,4562,4211,0
300931,2017,5190,4786,0
300931,2018,5642,5208,0
300931,2019,4512,4178,0
300931,2020,4271,3999,0
300931,2021,4520,4229,0
300931,2022,5402,5025,0
300931,2023,4069,3777,0
300962,2015,5100,4704,0
300962,2016,5467,5020,0
300962,2017,4156,3845,0
300962,2018,5252,4880,0
300962,2019,5100,4736,0
300962,2020,5492,5061,0
300962,2021,4876,4493,0
300962,2022,3990,3686,0
300962,2023,5116,4679,0
600114,2015,3957,3687,0
600114,2016,5386,4891,0
600114,2017,5086,4762,0
600114,2018,4686,4357,0
600114,2019,4297,4005,0
600114,2020,5266,4946,0
600114,2021,5626,5227,0
600114,2022,5537,5122,0
600114,2023,5464,5099,0
600118,2015,4163,3791,0
600118,2016,4058,3735,0
600118,2017,4232,3933,0
600118,2018,5595,5162,0
600118,2019,3898,3551,0
600118,2020,4102,3764,0
600118,2021,5280,4859,0
600118,2022,5217,4799,0
600118,2023,5546,5122,0
600122,2015,4704,4329,0
600122,2016,5174,4821,0
600122,2017,5634,5144,0
600122,2018,5614,5079,0
600122,2019,4316,4030,0
600122,2020,4750,4419,0
600122,2021,4286,3963,0
600122,2022,4982,4567,0
600122,2023,4027,3757,0
600175,2015,4891,4519,0
600175,2016,5475,5072,0
600175,2017,4963,4602,0
600175,2018,4311,4014,0
600175,2019,4164,3877,0
600175,2020,4680,4299,0
600175,2021,4945,4504,0
600175,2022,4633,4314,0
600175,2023,3952,3631,0
600201,2015,4610,4225,0
600201,2016,5605,5144,0
600201,2017,5295,4909,0
600201,2018,4558,4187,0
600201,2019,5203,4807,0
600201,2020,4106,3822,0
600201,2021,4667,4372,0
600201,2022,5758,5356,0
600201,2023,4470,4189,0
600203,2015,4668,4333,0
600203,2016,4480,4188,0
600203,2017,4463,4181,0
600203,2018,4658,4298,0
600203,2019,5336,4942,0
600203,2020,4913,4610,0
600203,2021,4318,4046,0
600203,2022,5064,4649,0
600203,2023,4881,4573,0
600213,2015,5247,4796,0
600213,2016,4083,3777,0
600213,2017,5437,4949,0
600213,2018,4333,3992,0
600213,2019,5112,4701,0
600213,2020,5389,4923,0
600213,2021,4267,3944,0
600213,2022,5644,5184,0
600213,2023,5565,5204,0
600217,2015,5137,4752,0
600217,2016,4109,3787,0
600217,2017,4241,3924,0
600217,2018,5230,4891,0
600217,2019,4416,4126,0
600217,2020,5443,4997,0
600217,2021,4715,4399,0
600217,2022,4276,4000,0
600217,2023,4513,4209,0
600224,2015,4074,3745,0
600224,2016,4099,3760,0
600224,2017,4726,4374,0
600224,2018,5561,5029,0
600224,2019,5015,4656,0
600224,2020,4937,4552,0
600224,2021,5629,5207,0
600224,2022,4814,4494,0
600224,2023,4049,3790,0
600231,2015,4709,4276,0
600231,2016,4626,4277,0
600231,2017,4491,4070,0
600231,2018,5263,4767,0
600231,2019,5574,5098,0
600231,2020,5078,4608,0
600231,2021,5662,5250,0
600231,2022,5564,5131,0
600231,2023,5278,4935,0
600253,2015,5611,5131,0
600253,2016,5478,5120,0
600253,2017,5750,5301,0
600253,2018,5438,5041,0
600253,2019,4729,4365,0
600253,2020,3953,3663,0
600253,2021,4152,3803,0
600253,2022,4659,4270,0
600253,2023,4813,4500,0
600270,2015,4326,4038,0
600270,2016,4518,4177,0
600270,2017,5072,4679,0
600270,2018,4070,3793,0
600270,2019,3979,3685,0
600270,2020,5710,5202,0
600270,2021,4939,4486,0
600270,2022,4619,4273,0
600270,2023,5361,4906,0
600292,2015,5530,5066,0
600292,2016,4586,4254,0
600292,2017,5653,5216,0
600292,2018,5486,5059,0
600292,2019,4655,4304,0
600292,2020,5295,4857,0
600292,2021,4470,4138,0
600292,2022,4499,4158,0
600292,2023,5284,4891,0
600353,2015,4179,3769,0
600353,2016,5170,4727,0
600353,2017,4023,3694,0
600353,2018,5312,4858,0
600353,2019,4138,3847,0
600353,2020,5456,5027,0
600353,2021,4268,3915,0
600353,2022,4732,4397,0
600353,2023,5499,5094,0
600363,2015,5076,4645,0
600363,2016,4715,4365,0
600363,2017,5625,5075,0
600363,2018,5313,4869,0
600363,2019,5408,4935,0
600363,2020,4240,3953,0
600363,2021,5596,5136,0
600363,2022,4957,4581,0
600363,2023,4310,4015,0
600365,2015,4320,4022,0
600365,2016,4360,4011,0
600365,2017,4904,4558,0
600365,2018,5270,4926,0
600365,2019,4263,3954,0
600365,2020,4499,4214,0
600365,2021,5548,5125,0
600365,2022,4000,3749,0
600365,2023,4895,4512,0
600369,2015,4219,3919,0
600369,2016,4028,3747,0
600369,2017,4636,4305,0
600369,2018,4040,3711,0
600369,2019,5789,5380,0
600369,2020,5029,4664,0
600369,2021,5222,4846,0
600369,2022,4617,4291,0
600369,2023,4981,4612,0
600407,2015,5395,4944,0
600407,2016,5700,5272,0
600407,2017,5414,4968,0
600407,2018,4984,4644,0
600407,2019,4123,3825,0
600407,2020,5315,4974,0
600407,2021,5661,5220,0
600407,2022,5563,5216,0
600407,2023,5407,5068,0
600444,2015,5014,4616,0
600444,2016,4071,3782,0
600444,2017,5267,4935,0
600444,2018,4749,4425,0
600444,2019,4414,4113,0
600444,2020,5526,5154,0
600444,2021,5166,4806,0
600444,2022,4980,4610,0
600444,2023,4780,4449,0
600480,2015,5238,4811,0
600480,2016,4069,3747,0
600480,2017,5390,4967,0
600480,2018,5105,4701,0
600480,2019,5523,5072,0
600480,2020,4606,4261,0
600480,2021,4623,4283,0
600480,2022,5553,5135,0
600480,2023,4745,4396,0
600492,2015,4400,4086,0
600492,2016,5272,4890,0
600492,2017,4418,4129,0
600492,2018,5095,4685,0
600492,2019,4354,4077,0
600492,2020,4637,4324,0
600492,2021,5466,5104,0
600492,2022,5509,5113,0
600492,2023,4908,4517,0
600501,2015,4950,4521,0
600501,2016,4093,3792,0
600501,2017,5523,5135,0
600501,2018,5282,4858,0
600501,2019,4582,4235,0
600501,2020,4894,4532,0
600501,2021,5362,4946,0
600501,2022,4779,4391,0
600501,2023,5730,5331,0
600598,2015,5488,4994,0
600598,2016,5374,4970,0
600598,2017,5639,5129,0
600598,2018,4165,3859,0
600598,2019,5413,4949,0
600598,2020,5660,5222,0
600598,2021,5825,5400,0
600598,2022,4911,4554,0
600598,2023,5712,5333,0
600600,2015,4188,3896,0
600600,2016,5616,5110,0
600600,2017,4161,3889,0
600600,2018,5056,4654,0
600600,2019,4660,4313,0
600600,2020,5370,4899,0
600600,2021,4328,3991,0
600600,2022,5228,4843,0
600600,2023,5027,4629,0
600605,2015,4936,4513,0
600605,2016,4019,3721,0
600605,2017,5642,5175,0
600605,2018,5671,5185,0
600605,2019,5564,5148,0
600605,2020,4233,3897,0
600605,2021,4861,4526,0
600605,2022,5390,5032,0
600605,2023,4817,4500,0
600610,2015,4920,4554,0
600610,2016,4931,4585,0
600610,2017,5460,4984,0
600610,2018,5165,4782,0
600610,2019,5640,5185,0
600610,2020,4056,3790,0
600610,2021,5206,4780,0
600610,2022,4892,4511,0
600610,2023,5061,4666,0
600627,2015,4470,4127,0
600627,2016,4222,3885,0
600627,2017,5603,5157,0
600627,2018,5683,5171,0
600627,2019,4517,4209,0
600627,2020,4413,4089,0
600627,2021,5264,4908,0
600627,2022,4736,4315,0
600627,2023,4295,3962,0
600641,2015,5688,5201,0
600641,2016,4665,4358,0
600641,2017,4699,4367,0
600641,2018,4676,4353,0
600641,2019,5252,4848,0
600641,2020,5772,5359,0
600641,2021,4707,4407,0
600641,2022,4376,4100,0
600641,2023,4999,4661,0
600731,2015,4734,4390,0
600731,2016,4854,4488,0
600731,2017,5069,4710,0
600731,2018,4901,4499,0
600731,2019,4698,4373,0
600731,2020,4015,3706,0
600731,2021,3913,3638,0
600731,2022,4285,4011,0
600731,2023,5457,5034,0
600767,2015,4389,4052,0
600767,2016,4694,4365,0
600767,2017,5510,5099,0
600767,2018,4846,4493,0
600767,2019,3993,3732,0
600767,2020,4481,4157,0
600767,2021,4028,3744,0
600767,2022,5178,4787,0
600767,2023,5253,4802,0
600803,2015,4549,4159,0
600803,2016,4609,4267,0
600803,2017,5135,4772,0
600803,2018,5198,4826,0
600803,2019,5523,5064,0
600803,2020,5482,5103,0
600803,2021,5670,5305,0
600803,2022,5800,5443,0
600803,2023,5368,4928,0
600809,2015,5073,4728,0
600809,2016,4224,3872,0
600809,2017,5189,4809,0
600809,2018,4118,3856,0
600809,2019,5187,4823,0
600809,2020,4956,4565,0
600809,2021,5046,4687,0
600809,2022,5062,4715,0
600809,2023,4379,4074,0
600878,2015,5471,4981,0
600878,2016,5468,4995,0
600878,2017,5147,4757,0
600878,2018,3922,3534,0
600878,2019,5548,5014,0
600878,2020,5402,4916,0
600878,2021,4058,3758,0
600878,2022,5112,4695,0
600878,2023,4886,4545,0
600894,2015,4851,4464,0
600894,2016,5615,5116,0
600894,2017,5423,4981,0
600894,2018,4594,4208,0
600894,2019,5502,5029,0
600894,2020,5035,4635,0
600894,2021,5236,4777,0
600894,2022,5074,4652,0
600894,2023,4475,4111,0
600917,2015,4582,4258,0
600917,2016,5122,4792,0
600917,2017,5462,5090,0
600917,2018,5445,5031,0
600917,2019,4574,4262,0
600917,2020,4812,4474,0
600917,2021,5130,4772,0
600917,2022,4751,4421,0
600917,2023,5695,5298,0
600979,2015,5484,5081,0
600979,2016,5451,5013,0
600979,2017,3978,3670,0
600979,2018,5624,5103,0
600979,2019,4208,3838,0
600979,2020,5634,5136,0
600979,2021,5652,5164,0
600979,2022,5589,5166,0
600979,2023,4278,3982,0
601100,2015,5208,4738,0
601100,2016,5609,5108,0
601100,2017,4443,4108,0
601100,2018,4902,4584,0
601100,2019,4120,3861,0
601100,2020,4281,3981,0
601100,2021,4445,4117,0
601100,2022,5089,4702,0
601100,2023,5345,4938,0
601106,2015,3968,3700,0
601106,2016,4837,4516,0
601106,2017,4757,4459,0
601106,2018,4898,4576,0
601106,2019,5669,5220,0
601106,2020,4246,3977,0
601106,2021,4498,4046,0
601106,2022,5344,4931,0
601106,2023,5560,5112,0
601141,2015,5291,4934,0
601141,2016,4583,4292,0
601141,2017,4316,4046,0
601141,2018,4013,3757,0
601141,2019,4782,4438,0
601141,2020,4593,4273,0
601141,2021,4294,4020,0
601141,2022,5700,5323,0
601141,2023,4063,3811,0
601199,2015,4978,4626,0
601199,2016,4655,4278,0
601199,2017,4511,4166,0
601199,2018,5085,4689,0
601199,2019,3999,3745,0
601199,2020,5064,4746,0
601199,2021,4651,4332,0
601199,2022,4767,4473,0
601199,2023,4632,4327,0
601203,2015,5639,5250,0
601203,2016,4807,4445,0
601203,2017,5488,5048,0
601203,2018,5248,4842,0
601203,2019,4814,4505,0
601203,2020,5194,4831,0
601203,2021,4377,4076,0
601203,2022,4938,4635,0
601203,2023,4585,4245,0
601210,2015,5470,5018,0
601210,2016,4995,4571,0
601210,2017,5122,4764,0
601210,2018,4433,4123,0
601210,2019,4110,3850,0
601210,2020,4446,4141,0
601210,2021,4393,4113,0
601210,2022,4253,3964,0
601210,2023,4427,4104,0
601211,2015,4114,3846,0
601211,2016,5070,4751,0
601211,2017,4361,4064,0
601211,2018,5264,4902,0
601211,2019,4706,4345,0
601211,2020,4598,4302,0
601211,2021,5381,5020,0
601211,2022,5409,5011,0
601211,2023,4169,3887,0
601259,2015,4263,3944,0
601259,2016,4493,4194,0
601259,2017,5056,4610,0
601259,2018,4861,4498,0
601259,2019,5714,5344,0
601259,2020,5559,5214,0
601259,2021,5719,5324,0
601259,2022,5193,4818,0
601259,2023,5111,4733,0
601305,2015,4403,4070,0
601305,2016,5119,4613,0
601305,2017,5134,4784,0
601305,2018,5322,4905,0
601305,2019,5512,5032,0
601305,2020,5541,5122,0
601305,2021,5363,4999,0
601305,2022,5424,5078,0
601305,2023,4501,4165,0
601307,2015,5687,5269,0
601307,2016,4833,4396,0
601307,2017,4802,4444,0
601307,2018,4918,4562,0
601307,2019,4877,4483,0
601307,2020,5285,4896,0
601307,2021,4481,4123,0
601307,2022,5294,4860,0
601307,2023,5695,5290,0
601323,2015,5203,4832,0
601323,2016,4213,3914,0
601323,2017,5025,4637,0
601323,2018,3930,3663,0
601323,2019,5045,4689,0
601323,2020,4471,4151,0
601323,2021,4443,4053,0
601323,2022,5366,4876,0
601323,2023,4393,4004,0
601327,2015,5279,4895,0
601327,2016,4531,4209,0
601327,2017,4225,3908,0
601327,2018,4015,3720,0
601327,2019,4646,4302,0
601327,2020,5216,4813,0
601327,2021,4739,4348,0
601327,2022,4200,3943,0
601327,2023,3978,3723,0
601334,2015,4079,3751,0
601334,2016,4865,4491,0
601334,2017,4138,3860,0
601334,2018,4192,3881,0
601334,2019,5126,4757,0
601334,2020,5331,4857,0
601334,2021,4865,4525,0
601334,2022,4326,4025,0
601334,2023,4725,4406,0
601383,2015,5036,4629,0
601383,2016,5297,4880,0
601383,2017,5434,4970,0
601383,2018,5648,5178,0
601383,2019,5232,4814,0
601383,2020,5354,4930,0
601383,2021,3997,3704,0
601383,2022,4823,4464,0
601383,2023,4294,3979,0
601390,2015,4207,3798,0
601390,2016,5304,4807,0
601390,2017,5661,5154,0
601390,2018,5309,4855,0
601390,2019,4072,3658,0
601390,2020,4526,4150,0
601390,2021,5210,4795,0
601390,2022,5084,4678,0
601390,2023,4012,3690,0
601433,2015,3967,3705,0
601433,2016,5686,5242,0
601433,2017,4867,4492,0
601433,2018,5411,5023,0
601433,2019,4643,4279,0
601433,2020,4937,4615,0
601433,2021,4745,4396,0
601433,2022,5056,4587,0
601433,2023,5251,4835,0
601435,2015,5359,4978,0
601435,2016,5409,4969,0
601435,2017,4744,4434,0
601435,2018,4340,3962,0
601435,2019,4639,4329,0
601435,2020,4591,4279,0
601435,2021,4772,4438,0
601435,2022,5795,5408,0
601435,2023,5269,4930,0
601512,2015,5077,4701,0
601512,2016,5333,4905,0
601512,2017,4907,4526,0
601512,2018,5143,4786,0
601512,2019,4991,4685,0
601512,2020,5618,5248,0
601512,2021,5219,4872,0
601512,2022,4285,3956,0
601512,2023,5128,4787,0
601556,2015,3965,3689,0
601556,2016,5182,4756,0
601556,2017,5158,4738,0
601556,2018,4787,4370,0
601556,2019,4898,4488,0
601556,2020,5621,5188,0
601556,2021,5207,4727,0
601556,2022,4180,3829,0
601556,2023,5608,5103,0
601557,2015,5231,4886,0
601557,2016,5698,5273,0
601557,2017,5065,4729,0
601557,2018,4958,4609,0
601557,2019,4211,3937,0
601557,2020,4065,3734,0
601557,2021,5439,5029,0
601557,2022,5330,4925,0
601557,2023,4936,4576,0
601570,2015,4788,4448,0
601570,2016,4507,4178,0
601570,2017,4432,4070,0
601570,2018,4923,4531,0
601570,2019,4670,4348,0
601570,2020,5410,4957,0
601570,2021,4021,3745,0
601570,2022,5535,5126,0
601570,2023,5050,4695,0
601599,2015,5014,4584,0
601599,2016,4934,4551,0
601599,2017,4529,4171,0
601599,2018,4799,4416,0
601599,2019,5540,4980,0
601599,2020,5727,5213,0
601599,2021,4879,4523,0
601599,2022,4657,4310,0
601599,2023,5402,5002,0
601612,2015,5556,5143,0
601612,2016,4146,3826,0
601612,2017,5584,5178,0
601612,2018,4578,4275,0
601612,2019,5290,4914,0
601612,2020,4489,4175,0
601612,2021,5248,4886,0
601612,2022,5781,5392,0
601612,2023,5230,4891,0
601640,2015,4101,3816,0
601640,2016,4324,4050,0
601640,2017,4274,3999,0
601640,2018,4483,4172,0
601640,2019,5856,5461,0
601640,2020,5360,5014,0
601640,2021,4707,4363,0
601640,2022,4122,3838,0
601640,2023,4336,4031,0
601656,2015,4571,4225,0
601656,2016,5591,5184,0
601656,2017,4456,4161,0
601656,2018,4952,4525,0
601656,2019,5416,4914,0
601656,2020,4217,3905,0
601656,2021,5587,5175,0
601656,2022,5494,5017,0
601656,2023,4335,3969,0
601684,2015,5768,5370,0
601684,2016,5056,4715,0
601684,2017,5153,4773,0
601684,2018,5365,4985,0
601684,2019,4387,4100,0
601684,2020,5005,4579,0
601684,2021,4287,4002,0
601684,2022,5171,4748,0
601684,2023,4430,4128,0
601716,2015,5519,5085,0
601716,2016,4095,3804,0
601716,2017,4141,3875,0
601716,2018,4509,4166,0
601716,2019,5164,4755,0
601716,2020,5214,4829,0
601716,2021,4461,4179,0
601716,2022,4069,3807,0
601716,2023,4371,4071,0
601738,2015,5392,4989,0
601738,2016,4421,4084,0
601738,2017,4163,3857,0
601738,2018,4195,3905,0
601738,2019,4690,4283,0
601738,2020,5247,4878,0
601738,2021,4326,3994,0
601738,2022,4708,4362,0
601738,2023,4122,3863,0
601789,2015,5554,5051,0
601789,2016,4230,3887,0
601789,2017,5284,4904,0
601789,2018,5701,5214,0
601789,2019,4666,4260,0
601789,2020,5168,4784,0
601789,2021,4987,4651,0
601789,2022,5522,5052,0
601789,2023,5171,4799,0
601803,2015,5604,5102,0
601803,2016,4120,3850,0
601803,2017,5521,5072,0
601803,2018,5381,4929,0
601803,2019,5482,5073,0
601803,2020,5593,5121,0
601803,2021,4804,4422,0
601803,2022,4088,3784,0
601803,2023,5340,4891,0
601889,2015,4504,4215,0
601889,2016,5257,4923,0
601889,2017,4548,4227,0
601889,2018,5467,5053,0
601889,2019,5404,5039,0
601889,2020,4173,3879,0
601889,2021,4052,3771,0
601889,2022,4125,3867,0
601889,2023,5819,5381,0
601971,2015,4050,3701,0
601971,2016,4828,4414,0
601971,2017,5492,4959,0
601971,2018,4459,4100,0
601971,2019,5539,5052,0
601971,2020,4521,4217,0
601971,2021,4115,3830,0
601971,2022,4805,4467,0
601971,2023,4422,4148,0
603130,2015,5232,4898,0
603130,2016,5229,4874,0
603130,2017,4322,4050,0
603130,2018,4386,4092,0
603130,2019,5341,5009,0
603130,2020,5732,5322,0
603130,2021,5745,5272,0
603130,2022,4309,4013,0
603130,2023,4664,4378,0
603146,2015,5476,5068,0
603146,2016,4596,4273,0
603146,2017,4725,4360,0
603146,2018,4582,4297,0
603146,2019,4837,4464,0
603146,2020,5430,4970,0
603146,2021,5190,4776,0
603146,2022,5249,4870,0
603146,2023,4996,4625,0
603156,2015,4532,4147,0
603156,2016,5536,5109,0
603156,2017,5471,4931,0
603156,2018,5194,4745,0
603156,2019,4527,4111,0
603156,2020,4482,4173,0
603156,2021,5086,4636,0
603156,2022,5012,4660,0
603156,2023,4397,4063,0
603236,2015,3916,3566,0
603236,2016,5583,5124,0
603236,2017,5017,4500,0
603236,2018,4234,3835,0
603236,2019,4490,4142,0
603236,2020,4204,3871,0
603236,2021,4451,4039,0
603236,2022,4636,4274,0
603236,2023,4915,4472,0
603272,2015,5044,4609,0
603272,2016,5517,5088,0
603272,2017,5322,4916,0
603272,2018,4094,3784,0
603272,2019,5102,4744,0
603272,2020,3994,3712,0
603272,2021,4593,4269,0
603272,2022,4490,4133,0
603272,2023,4902,4550,0
603276,2015,4808,4478,0
603276,2016,5034,4685,0
603276,2017,4797,4443,0
603276,2018,5137,4793,0
603276,2019,5696,5347,0
603276,2020,5199,4824,0
603276,2021,5007,4670,0
603276,2022,4201,3911,0
603276,2023,4119,3856,0
603312,2015,5606,5153,0
603312,2016,5466,5015,0
603312,2017,4690,4382,0
603312,2018,4007,3735,0
603312,2019,4330,4058,0
603312,2020,5413,5070,0
603312,2021,4837,4502,0
603312,2022,5663,5255,0
603312,2023,5576,5232,0
603372,2015,3844,3563,0
603372,2016,5181,4738,0
603372,2017,5671,5235,0
603372,2018,5598,5093,0
603372,2019,4660,4209,0
603372,2020,4504,4112,0
603372,2021,4975,4449,0
603372,2022,5105,4639,0
603372,2023,4785,4350,0
603401,2015,5706,5270,0
603401,2016,4948,4543,0
603401,2017,3979,3731,0
603401,2018,4843,4514,0
603401,2019,5554,5182,0
603401,2020,4193,3906,0
603401,2021,4385,4107,0
603401,2022,5098,4752,0
603401,2023,4719,4398,0
603439,2015,4657,4186,0
603439,2016,4303,3953,0
603439,2017,5441,4954,0
603439,2018,4810,4398,0
603439,2019,5284,4835,0
603439,2020,4604,4259,0
603439,2021,4139,3828,0
603439,2022,4266,3927,0
603439,2023,4767,4391,0
603441,2015,5467,4908,0
603441,2016,5521,5035,0
603441,2017,5025,4662,0
603441,2018,5239,4870,0
603441,2019,4500,4098,0
603441,2020,4263,3960,0
603441,2021,4527,4249,0
603441,2022,5069,4571,0
603441,2023,5132,4729,0
603449,2015,5464,5046,0
603449,2016,5428,5041,0
603449,2017,4186,3907,0
603449,2018,5582,5139,0
603449,2019,5711,5256,0
603449,2020,4093,3835,0
603449,2021,5128,4804,0
603449,2022,4068,3805,0
603449,2023,5366,4982,0
603507,2015,4888,4469,0
603507,2016,5076,4626,0
603507,2017,3908,3620,0
603507,2018,4941,4514,0
603507,2019,4039,3707,0
603507,2020,5184,4736,0
603507,2021,4932,4567,0
603507,2022,5422,5001,0
603507,2023,5515,5128,0
603508,2015,4746,4369,0
603508,2016,5154,4689,0
603508,2017,4093,3738,0
603508,2018,5636,5091,0
603508,2019,5478,5037,0
603508,2020,4467,4079,0
603508,2021,4978,4546,0
603508,2022,4427,4106,0
603508,2023,4496,4138,0
603559,2015,4890,4515,0
603559,2016,4939,4588,0
603559,2017,5678,5306,0
603559,2018,4452,4159,0
603559,2019,4150,3860,0
603559,2020,5483,5029,0
603559,2021,4713,4407,0
603559,2022,5406,5024,0
603559,2023,4939,4572,0
603678,2015,4938,4497,0
603678,2016,4737,4361,0
603678,2017,4730,4331,0
603678,2018,4327,3981,0
603678,2019,4939,4560,0
603678,2020,4762,4342,0
603678,2021,4416,4026,0
603678,2022,4840,4489,0
603678,2023,5093,4648,0
603689,2015,4736,4384,0
603689,2016,4534,4189,0
603689,2017,4493,4189,0
603689,2018,4771,4470,0
603689,2019,5677,5298,0
603689,2020,5094,4757,0
603689,2021,5405,5048,0
603689,2022,5051,4686,0
603689,2023,4254,3940,0
603710,2015,4970,4582,0
603710,2016,4755,4358,0
603710,2017,4695,4342,0
603710,2018,5455,5013,0
603710,2019,4871,4500,0
603710,2020,5637,5179,0
603710,2021,5281,4949,0
603710,2022,4064,3782,0
603710,2023,4936,4604,0
603778,2015,4816,4449,0
603778,2016,4034,3746,0
603778,2017,4934,4532,0
603778,2018,4532,4161,0
603778,2019,5042,4674,0
603778,2020,5626,5075,0
603778,2021,4005,3728,0
603778,2022,5032,4696,0
603778,2023,4152,3888,0
603865,2015,4071,3739,0
603865,2016,5158,4760,0
603865,2017,5369,4939,0
603865,2018,5135,4686,0
603865,2019,4878,4501,0
603865,2020,5478,5081,0
603865,2021,4320,4024,0
603865,2022,5146,4750,0
603865,2023,4820,4520,0
603875,2015,4457,4169,0
603875,2016,5703,5278,0
603875,2017,4533,4253,0
603875,2018,4486,4168,0
603875,2019,5781,5421,0
603875,2020,4833,4527,0
603875,2021,4967,4660,0
603875,2022,5022,4704,0
603875,2023,5191,4872,0
603934,2015,4027,3708,0
603934,2016,4669,4321,0
603934,2017,4296,4005,0
603934,2018,5103,4737,0
603934,2019,5226,4786,0
603934,2020,4475,4158,0
603934,2021,4247,3950,0
603934,2022,4202,3868,0
603934,2023,4016,3713,0
603936,2015,5376,5004,0
603936,2016,5167,4768,0
603936,2017,4890,4382,0
603936,2018,4945,4490,0
603936,2019,4652,4344,0
603936,2020,5027,4686,0
603936,2021,5238,4837,0
603936,2022,4243,3977,0
603936,2023,5226,4846,0
603952,2015,4604,4248,0
603952,2016,5389,5028,0
603952,2017,5824,5440,0
603952,2018,5816,5431,0
603952,2019,5260,4938,0
603952,2020,4415,4135,0
603952,2021,5531,5137,0
603952,2022,4025,3771,0
603952,2023,4372,4069,0
603991,2015,4270,3926,0
603991,2016,4831,4412,0
603991,2017,4600,4220,0
603991,2018,5354,4854,0
603991,2019,4163,3853,0
603991,2020,4755,4408,0
603991,2021,5814,5305,0
603991,2022,5489,5102,0
603991,2023,5593,5193,0
